Source,Target,Max. Number of Routes,Avg. Number of Routes,Min. Number of Routes
6,5,1,1.0,1
11,1,1,1.0,1
11,2,1,1.0,1
11,8,3,3.0,3
12,0,1,1.0,1
12,11,2,2.0,2
16,6,2,2.0,2
17,8,1,1.0,1
17,11,2,2.0,2
17,12,1,1.0,1
18,2,1,1.0,1
18,4,4,2.0,0
18,11,2,2.0,2
20,18,4,2.0,0
22,15,1,1.0,1
23,7,2,2.0,2
24,11,1,1.0,1
26,4,2,2.0,2
26,7,29,28.5,28
26,16,1,1.0,1
26,23,3,2.5,2
28,10,1,1.0,1
29,11,3,3.0,3
29,18,4,4.0,4
30,2,1,1.0,1
30,18,4,4.0,4
30,20,1,1.0,1
31,15,1,1.0,1
32,18,4,2.0,0
33,31,1,1.0,1
34,18,9,9.0,9
34,20,4,4.0,4
35,2,1,1.0,1
35,6,2,2.0,2
35,9,2,2.0,2
35,10,1,1.0,1
35,11,3,3.0,3
35,13,4,3.5,3
35,16,2,2.0,2
35,18,7,6.5,6
35,21,2,2.0,2
35,26,2,2.0,2
36,26,1,1.0,1
37,13,1,1.0,1
37,35,2,2.0,2
38,34,2,2.0,2
39,34,3,3.0,3
40,7,10,9.5,9
40,10,2,2.0,2
40,23,3,3.0,3
40,26,6,6.0,6
40,35,1,1.0,1
41,2,1,1.0,1
41,4,1,1.0,1
41,10,17,17.0,17
41,11,2,2.0,2
41,12,2,2.0,2
41,15,2,2.0,2
41,18,2,2.0,2
41,28,1,1.0,1
41,31,8,8.0,8
41,33,11,10.5,10
41,35,15,15.0,15
42,10,1,1.0,1
43,42,1,1.0,1
44,7,2,2.0,2
44,9,2,2.0,2
44,23,1,1.0,1
44,26,4,4.0,4
44,35,2,2.0,2
44,40,2,2.0,2
46,4,1,1.0,1
46,20,7,7.0,7
46,34,5,4.5,4
47,4,4,2.0,0
47,18,4,2.5,1
47,34,5,4.5,4
47,46,4,3.5,3
48,10,1,1.0,1
49,35,3,3.0,3
49,44,1,1.0,1
50,2,1,1.0,1
50,18,4,3.5,3
50,20,8,5.5,3
50,30,8,8.0,8
50,34,1,1.0,1
51,11,6,6.0,6
51,18,5,5.0,5
51,24,1,1.0,1
52,4,1,1.0,1
52,7,1,1.0,1
52,13,2,2.0,2
52,35,29,28.0,27
52,37,1,1.0,1
52,44,3,3.0,3
53,11,3,3.0,3
53,14,1,1.0,1
53,17,1,1.0,1
53,18,2,2.0,2
53,29,4,4.0,4
54,8,2,2.0,2
54,11,1,1.0,1
54,12,2,2.0,2
54,17,2,2.0,2
54,18,4,4.0,4
54,29,2,2.0,2
54,51,2,1.5,1
55,11,5,5.0,5
55,18,5,5.0,5
55,24,1,1.0,1
55,29,1,1.0,1
55,35,3,3.0,3
55,41,3,3.0,3
55,51,6,6.0,6
55,54,4,4.0,4
56,45,1,1.0,1
57,6,1,1.0,1
57,16,1,1.0,1
57,27,2,2.0,2
58,6,4,3.5,3
58,7,1,1.0,1
58,9,2,2.0,2
58,26,4,4.0,4
58,35,17,15.5,14
58,40,1,1.0,1
58,44,3,3.0,3
58,49,1,1.0,1
58,52,2,2.0,2
59,10,2,2.0,2
60,7,1,1.0,1
60,26,1,1.0,1
60,40,2,1.5,1
60,44,11,11.0,11
60,52,1,1.0,1
61,2,2,2.0,2
61,11,6,6.0,6
61,14,2,2.0,2
61,18,2,2.0,2
61,35,1,1.0,1
61,41,4,4.0,4
61,53,2,2.0,2
61,55,2,2.0,2
62,19,1,1.0,1
62,35,1,1.0,1
62,44,3,3.0,3
62,49,2,2.0,2
62,52,1,1.0,1
62,60,2,2.0,2
63,20,2,2.0,2
63,34,5,5.0,5
64,61,1,1.0,1
65,18,2,2.0,2
65,51,1,1.0,1
65,55,2,2.0,2
66,4,2,2.0,2
66,14,1,1.0,1
66,20,1,1.0,1
66,30,1,1.0,1
66,34,2,2.0,2
66,35,1,0.5,0
66,39,1,1.0,1
66,41,6,6.0,6
66,46,2,1.5,1
66,47,2,1.0,0
66,56,5,5.0,5
66,61,2,2.0,2
66,63,2,2.0,2
67,7,1,0.5,0
67,40,1,0.5,0
68,55,2,2.0,2
69,10,11,11.0,11
70,11,2,2.0,2
70,17,2,2.0,2
70,18,1,1.0,1
70,29,1,1.0,1
70,41,6,6.0,6
70,51,3,3.0,3
70,54,3,3.0,3
70,55,4,4.0,4
70,65,3,3.0,3
71,2,67,67.0,67
71,4,1,1.0,1
71,6,2,2.0,2
71,7,2,2.0,2
71,8,3,3.0,3
71,11,13,13.0,13
71,12,2,2.0,2
71,14,1,1.0,1
71,17,2,2.0,2
71,18,37,36.5,36
71,20,1,1.0,1
71,26,4,4.0,4
71,29,3,3.0,3
71,30,1,1.0,1
71,34,4,4.0,4
71,35,19,19.0,19
71,36,4,3.5,3
71,38,1,0.5,0
71,39,1,1.0,1
71,40,2,2.0,2
71,41,10,10.0,10
71,44,1,1.0,1
71,46,4,4.0,4
71,47,1,1.0,1
71,50,3,3.0,3
71,51,12,12.0,12
71,52,2,2.0,2
71,53,3,3.0,3
71,54,16,16.0,16
71,55,12,12.0,12
71,56,1,1.0,1
71,58,10,7.5,5
71,61,5,5.0,5
71,65,1,1.0,1
71,66,1,1.0,1
71,70,6,6.0,6
72,26,1,1.0,1
72,71,3,3.0,3
73,40,1,1.0,1
73,48,2,2.0,2
74,20,3,3.0,3
74,34,5,4.5,4
74,46,6,6.0,6
74,47,1,1.0,1
74,50,1,1.0,1
74,63,2,1.5,1
74,66,1,1.0,1
74,71,1,1.0,1
75,36,1,1.0,1
76,11,2,2.0,2
76,12,2,2.0,2
76,17,3,3.0,3
76,41,1,1.0,1
76,71,2,2.0,2
77,1,2,2.0,2
77,2,3,3.0,3
77,4,1,1.0,1
77,6,1,0.5,0
77,7,1,1.0,1
77,11,67,67.0,67
77,12,3,3.0,3
77,14,1,1.0,1
77,16,1,0.5,0
77,17,4,4.0,4
77,18,15,15.0,15
77,24,4,4.0,4
77,26,8,8.0,8
77,29,11,11.0,11
77,35,19,19.0,19
77,36,5,5.0,5
77,41,19,19.0,19
77,44,2,2.0,2
77,51,57,56.0,55
77,52,4,4.0,4
77,53,8,8.0,8
77,54,14,14.0,14
77,55,27,26.5,26
77,58,7,7.0,7
77,61,18,18.0,18
77,65,2,2.0,2
77,66,2,2.0,2
77,70,19,19.0,19
77,71,84,84.0,84
77,76,1,1.0,1
78,20,1,1.0,1
78,30,1,1.0,1
78,50,8,7.5,7
78,61,1,1.0,1
78,66,1,1.0,1
78,77,1,1.0,1
80,1,2,2.0,2
80,8,1,1.0,1
80,11,36,36.0,36
80,18,20,19.0,18
80,29,4,4.0,4
80,35,2,2.0,2
80,51,2,2.0,2
80,53,12,11.5,11
80,54,5,4.5,4
80,55,7,7.0,7
80,61,4,4.0,4
80,65,1,1.0,1
80,70,2,2.0,2
80,71,32,31.0,30
80,76,1,1.0,1
80,77,176,171.0,166
81,55,1,1.0,1
82,16,1,1.0,1
82,35,2,2.0,2
83,6,2,2.0,2
83,35,1,1.0,1
83,57,3,3.0,3
83,58,3,3.0,3
83,71,7,6.5,6
84,10,1,1.0,1
85,19,2,2.0,2
85,44,1,1.0,1
85,49,4,3.0,2
85,62,3,2.0,1
86,71,1,1.0,1
86,77,2,1.5,1
87,50,2,2.0,2
87,71,1,1.0,1
88,36,1,1.0,1
88,75,1,1.0,1
88,87,2,2.0,2
89,16,1,1.0,1
89,35,2,2.0,2
90,35,1,1.0,1
90,58,3,2.5,2
90,71,1,0.5,0
90,83,2,2.0,2
91,19,2,2.0,2
91,37,2,2.0,2
91,49,5,5.0,5
91,62,3,3.0,3
91,85,10,9.0,8
92,10,16,15.5,15
92,15,3,3.0,3
92,28,2,2.0,2
92,31,1,1.0,1
92,33,2,2.0,2
92,35,4,4.0,4
92,41,118,117.5,117
92,66,1,1.0,1
92,69,2,2.0,2
92,70,1,1.0,1
92,71,3,3.0,3
92,77,3,3.0,3
92,84,1,1.0,1
93,11,1,1.0,1
93,12,1,1.0,1
93,17,1,1.0,1
93,18,3,3.0,3
93,51,1,1.0,1
93,53,1,1.0,1
93,54,2,2.0,2
93,55,3,3.0,3
93,61,1,1.0,1
93,70,3,3.0,3
93,71,5,5.0,5
93,77,12,11.5,11
93,80,2,2.0,2
94,18,1,1.0,1
94,35,2,2.0,2
94,55,4,4.0,4
94,70,2,2.0,2
94,71,4,4.0,4
94,77,4,4.0,4
94,81,2,2.0,2
95,0,7,7.0,7
95,10,2,2.0,2
95,11,2,2.0,2
95,14,8,7.5,7
95,15,12,12.0,12
95,18,5,4.5,4
95,22,3,3.0,3
95,31,1,1.0,1
95,41,6,6.0,6
95,61,2,2.0,2
95,66,4,4.0,4
95,70,1,1.0,1
95,71,4,4.0,4
95,77,14,13.0,12
95,92,13,13.0,13
96,10,26,26.0,26
96,28,4,4.0,4
96,41,13,13.0,13
96,59,1,1.0,1
96,61,1,1.0,1
96,92,10,10.0,10
97,0,5,5.0,5
97,8,1,1.0,1
97,11,2,2.0,2
97,12,3,3.0,3
97,14,3,3.0,3
97,17,1,1.0,1
97,41,4,4.0,4
97,71,1,1.0,1
97,77,5,5.0,5
97,95,2,2.0,2
98,11,1,1.0,1
98,14,2,2.0,2
98,61,2,2.0,2
98,76,2,2.0,2
98,77,5,5.0,5
98,97,4,4.0,4
99,11,1,1.0,1
99,18,3,3.0,3
99,29,1,1.0,1
99,35,3,3.0,3
99,51,3,3.0,3
99,54,2,2.0,2
99,55,3,3.0,3
99,70,1,1.0,1
99,71,23,23.0,23
99,77,19,19.0,19
99,80,3,3.0,3
99,93,2,2.0,2
100,99,1,1.0,1
101,11,3,3.0,3
101,12,1,1.0,1
101,17,1,1.0,1
101,18,2,2.0,2
101,29,2,2.0,2
101,35,3,2.5,2
101,41,2,2.0,2
101,53,3,3.0,3
101,54,4,4.0,4
101,55,2,2.0,2
101,61,1,1.0,1
101,66,1,1.0,1
101,70,1,1.0,1
101,71,10,9.5,9
101,76,3,3.0,3
101,77,12,12.0,12
101,80,3,3.0,3
101,92,1,1.0,1
101,93,2,2.0,2
101,95,1,1.0,1
102,1,27,27.0,27
102,2,4,4.0,4
102,7,2,2.0,2
102,8,1,1.0,1
102,11,28,28.0,28
102,12,4,4.0,4
102,15,1,1.0,1
102,17,2,2.0,2
102,18,45,44.5,44
102,24,1,1.0,1
102,26,4,4.0,4
102,29,7,7.0,7
102,35,8,8.0,8
102,41,5,5.0,5
102,51,5,5.0,5
102,52,5,4.0,3
102,53,1,1.0,1
102,54,19,19.0,19
102,55,21,21.0,21
102,58,3,3.0,3
102,61,6,5.5,5
102,65,1,1.0,1
102,66,1,1.0,1
102,70,5,5.0,5
102,71,149,148.5,148
102,76,1,1.0,1
102,77,221,221.0,221
102,78,1,0.5,0
102,80,25,24.5,24
102,92,2,2.0,2
102,93,11,11.0,11
102,95,2,2.0,2
102,97,3,3.0,3
102,99,16,16.0,16
102,101,9,9.0,9
103,6,1,1.0,1
103,13,1,1.0,1
103,16,1,1.0,1
103,35,12,11.0,10
103,37,2,1.5,1
103,52,1,0.5,0
103,58,2,1.5,1
103,77,1,1.0,1
103,89,1,1.0,1
104,10,15,15.0,15
104,11,2,2.0,2
104,31,1,1.0,1
104,35,10,10.0,10
104,41,140,140.0,140
104,55,1,1.0,1
104,70,6,6.0,6
104,71,7,7.0,7
104,73,2,2.0,2
104,77,11,11.0,11
104,84,19,19.0,19
104,92,27,27.0,27
104,95,5,5.0,5
104,96,13,13.0,13
104,102,4,4.0,4
105,71,1,1.0,1
105,77,4,3.5,3
105,86,4,3.5,3
105,99,2,2.0,2
106,2,2,2.0,2
106,11,3,3.0,3
106,14,2,2.0,2
106,35,3,3.0,3
106,53,1,1.0,1
106,61,5,5.0,5
106,71,2,2.0,2
106,77,7,7.0,7
106,80,1,1.0,1
106,95,2,2.0,2
106,98,7,6.5,6
106,101,2,2.0,2
106,102,3,3.0,3
107,8,1,1.0,1
107,11,2,2.0,2
107,12,4,4.0,4
107,17,1,1.0,1
107,41,7,7.0,7
107,54,1,1.0,1
107,76,2,2.0,2
107,77,4,4.0,4
107,92,1,1.0,1
107,95,1,1.0,1
107,97,1,1.0,1
108,4,1,1.0,1
108,18,4,2.0,0
108,20,1,0.5,0
108,25,1,1.0,1
108,32,6,4.0,2
108,34,2,2.0,2
108,41,2,2.0,2
108,45,4,2.5,1
108,46,2,2.0,2
108,47,4,4.0,4
108,50,1,1.0,1
108,56,2,2.0,2
108,61,1,1.0,1
108,64,1,1.0,1
108,66,6,6.0,6
108,71,2,2.0,2
108,77,2,1.5,1
108,78,1,1.0,1
108,95,3,3.0,3
109,69,3,3.0,3
110,0,1,1.0,1
110,14,4,4.0,4
110,15,3,2.5,2
110,61,16,16.0,16
110,66,3,2.5,2
110,77,2,2.0,2
110,95,9,9.0,9
110,97,10,10.0,10
110,98,2,2.0,2
110,102,2,2.0,2
110,106,3,3.0,3
111,41,5,5.0,5
111,107,3,3.0,3
112,33,5,5.0,5
112,41,5,5.0,5
113,11,2,2.0,2
113,12,2,2.0,2
113,17,2,2.0,2
113,18,2,2.0,2
113,53,1,1.0,1
113,54,2,2.0,2
113,55,4,4.0,4
113,65,1,1.0,1
113,70,3,3.0,3
113,71,3,3.0,3
113,76,2,2.0,2
113,77,14,14.0,14
113,80,2,2.0,2
113,93,1,1.0,1
113,99,1,1.0,1
113,101,1,1.0,1
113,102,9,9.0,9
114,2,1,1.0,1
114,8,1,1.0,1
114,14,1,1.0,1
114,17,1,1.0,1
114,18,1,1.0,1
114,53,2,2.0,2
114,61,3,3.0,3
114,66,1,1.0,1
114,71,2,2.0,2
114,77,3,3.0,3
114,78,1,1.0,1
114,80,1,1.0,1
114,97,2,2.0,2
114,98,5,5.0,5
114,102,4,4.0,4
114,106,3,3.0,3
114,110,3,3.0,3
116,18,3,1.5,0
116,50,1,1.0,1
116,71,2,1.0,0
116,78,5,5.0,5
117,2,2,2.0,2
117,61,10,10.0,10
117,102,2,2.0,2
117,106,6,6.0,6
118,11,1,1.0,1
118,17,1,1.0,1
118,18,5,5.0,5
118,53,1,1.0,1
118,54,1,1.0,1
118,55,3,3.0,3
118,65,3,3.0,3
118,70,2,2.0,2
118,71,3,3.0,3
118,76,1,1.0,1
118,77,7,7.0,7
118,80,4,4.0,4
118,99,4,4.0,4
118,101,1,1.0,1
118,102,7,7.0,7
118,113,2,2.0,2
119,11,2,2.0,2
119,29,1,1.0,1
119,36,1,1.0,1
119,51,1,1.0,1
119,55,2,2.0,2
119,71,7,7.0,7
119,77,9,9.0,9
119,80,4,4.0,4
119,99,1,1.0,1
119,102,8,7.5,7
120,41,46,46.0,46
120,104,6,6.0,6
121,11,1,1.0,1
121,18,1,1.0,1
121,51,1,1.0,1
121,77,5,5.0,5
121,102,3,3.0,3
122,45,1,1.0,1
122,71,5,4.0,3
122,108,1,1.0,1
123,66,1,1.0,1
123,108,4,4.0,4
124,10,14,14.0,14
124,15,6,6.0,6
124,28,7,7.0,7
124,31,3,3.0,3
124,33,4,4.0,4
124,41,29,29.0,29
124,71,3,3.0,3
124,77,3,3.0,3
124,92,11,11.0,11
124,95,20,20.0,20
124,96,46,46.0,46
124,97,2,2.0,2
124,104,10,10.0,10
124,107,1,1.0,1
124,110,1,1.0,1
124,112,1,1.0,1
124,120,1,1.0,1
125,41,4,4.0,4
125,77,1,1.0,1
125,92,2,2.0,2
125,95,5,5.0,5
125,102,1,0.5,0
125,124,1,1.0,1
126,2,1,1.0,1
126,20,3,3.0,3
126,30,3,3.0,3
126,50,3,2.5,2
126,66,2,2.0,2
126,71,2,2.0,2
126,87,2,2.0,2
126,108,1,1.0,1
127,2,1,1.0,1
127,11,4,4.0,4
127,18,2,2.0,2
127,53,2,2.0,2
127,54,2,2.0,2
127,55,2,2.0,2
127,71,11,11.0,11
127,77,8,8.0,8
127,80,1,1.0,1
127,93,2,2.0,2
127,99,1,1.0,1
127,102,16,15.5,15
127,113,1,1.0,1
127,117,4,3.5,3
127,118,1,1.0,1
127,119,1,1.0,1
128,109,1,1.0,1
129,16,1,1.0,1
129,35,1,1.0,1
129,52,1,1.0,1
129,58,2,1.0,0
129,71,4,4.0,4
129,72,2,2.0,2
129,83,5,4.5,4
130,71,1,1.0,1
130,87,1,1.0,1
130,126,1,1.0,1
131,10,1,1.0,1
131,41,2,2.0,2
131,71,3,2.5,2
131,77,1,1.0,1
131,92,1,1.0,1
131,95,6,6.0,6
131,102,1,1.0,1
131,108,2,2.0,2
131,122,2,2.0,2
131,124,2,2.0,2
132,45,5,3.5,2
132,71,3,1.5,0
132,108,3,1.5,0
132,122,7,6.0,5
133,7,2,2.0,2
133,19,2,2.0,2
133,26,2,2.0,2
133,35,30,28.5,27
133,40,3,3.0,3
133,41,1,1.0,1
133,44,6,6.0,6
133,49,3,3.0,3
133,52,8,6.5,5
133,60,1,1.0,1
133,62,3,3.0,3
133,71,4,4.0,4
133,77,4,4.0,4
133,85,3,3.0,3
133,91,1,1.0,1
133,102,3,2.0,1
133,104,2,1.5,1
134,84,2,2.0,2
134,128,2,2.0,2
135,11,1,1.0,1
135,53,1,1.0,1
135,71,1,1.0,1
135,77,2,2.0,2
135,80,1,1.0,1
135,99,1,1.0,1
135,102,12,12.0,12
135,113,1,1.0,1
136,41,4,4.0,4
136,92,2,2.0,2
136,104,1,1.0,1
136,111,1,1.0,1
137,11,2,2.0,2
137,18,2,2.0,2
137,71,2,2.0,2
137,77,2,2.0,2
137,102,2,2.0,2
138,2,3,3.0,3
138,4,1,1.0,1
138,18,22,21.5,21
138,20,1,0.5,0
138,26,1,1.0,1
138,30,1,1.0,1
138,34,2,2.0,2
138,35,1,1.0,1
138,36,1,1.0,1
138,38,1,0.5,0
138,46,2,2.0,2
138,47,1,0.5,0
138,50,1,1.0,1
138,55,2,1.5,1
138,61,2,2.0,2
138,63,1,1.0,1
138,71,80,79.5,79
138,74,1,1.0,1
138,75,1,1.0,1
138,77,21,20.5,20
138,78,1,0.5,0
138,87,1,1.0,1
138,88,1,1.0,1
138,99,1,1.0,1
138,102,17,17.0,17
138,114,1,1.0,1
138,116,1,1.0,1
138,117,5,5.0,5
138,119,2,2.0,2
138,126,1,1.0,1
138,130,3,3.0,3
139,4,1,1.0,1
139,66,1,1.0,1
139,108,4,4.0,4
140,4,3,3.0,3
140,25,1,1.0,1
140,77,1,1.0,1
140,78,1,1.0,1
141,10,1,1.0,1
141,109,1,1.0,1
141,128,1,1.0,1
142,15,4,4.0,4
142,22,1,1.0,1
142,41,4,4.0,4
142,92,1,1.0,1
142,95,8,8.0,8
142,124,3,3.0,3
143,4,1,1.0,1
143,7,1,1.0,1
143,9,2,1.5,1
143,11,5,5.0,5
143,17,1,1.0,1
143,18,1,1.0,1
143,26,2,2.0,2
143,29,2,2.0,2
143,35,10,10.0,10
143,36,2,1.5,1
143,41,13,13.0,13
143,51,3,3.0,3
143,52,3,2.0,1
143,53,3,3.0,3
143,54,5,5.0,5
143,55,11,11.0,11
143,58,2,1.5,1
143,60,2,2.0,2
143,61,2,2.0,2
143,65,2,2.0,2
143,70,4,3.5,3
143,71,34,33.5,33
143,76,2,2.0,2
143,77,27,26.0,25
143,78,1,1.0,1
143,80,21,21.0,21
143,86,1,1.0,1
143,92,2,2.0,2
143,93,4,4.0,4
143,94,1,1.0,1
143,95,3,3.0,3
143,97,1,1.0,1
143,98,1,1.0,1
143,99,4,4.0,4
143,101,4,4.0,4
143,102,42,41.5,41
143,103,1,0.5,0
143,104,3,3.0,3
143,105,1,1.0,1
143,106,1,1.0,1
143,107,2,2.0,2
143,108,3,3.0,3
143,110,3,3.0,3
143,113,3,3.0,3
143,118,1,1.0,1
143,119,1,1.0,1
143,121,1,1.0,1
143,124,3,3.0,3
143,127,3,3.0,3
143,133,2,1.5,1
143,138,11,10.5,10
144,5,2,2.0,2
144,6,1,1.0,1
144,9,4,3.5,3
144,16,1,1.0,1
144,27,4,4.0,4
144,35,1,1.0,1
144,44,2,2.0,2
144,57,5,4.5,4
144,58,6,5.5,5
144,71,8,7.5,7
144,77,1,1.0,1
144,83,1,1.0,1
144,90,1,1.0,1
144,103,2,2.0,2
144,143,4,4.0,4
145,10,4,4.0,4
145,69,1,1.0,1
145,73,1,1.0,1
145,104,2,2.0,2
146,10,77,70.5,64
146,35,2,1.0,0
146,40,2,2.0,2
146,41,3,3.0,3
146,48,3,2.5,2
146,69,7,5.0,3
146,73,4,4.0,4
146,92,3,2.5,2
146,104,3,3.0,3
146,124,1,1.0,1
146,145,2,2.0,2
147,49,4,3.5,3
147,62,2,2.0,2
147,85,1,1.0,1
148,2,1,1.0,1
148,20,1,1.0,1
148,30,8,7.5,7
148,39,1,1.0,1
148,66,1,1.0,1
148,71,3,3.0,3
148,138,1,1.0,1
149,20,3,3.0,3
149,34,2,2.0,2
149,39,2,2.0,2
149,50,4,4.0,4
149,61,3,3.0,3
149,63,2,1.5,1
149,66,3,3.0,3
149,71,4,4.0,4
149,74,2,1.5,1
149,77,4,4.0,4
149,78,6,5.5,5
149,102,1,0.5,0
149,106,1,1.0,1
149,108,1,1.0,1
149,114,2,2.0,2
149,116,1,1.0,1
149,126,1,1.0,1
149,138,1,0.5,0
149,143,1,1.0,1
149,148,1,1.0,1
150,146,1,0.5,0
151,10,2,2.0,2
151,146,1,0.5,0
152,41,3,3.0,3
152,124,1,1.0,1
153,41,3,3.0,3
153,84,2,2.0,2
153,104,3,3.0,3
154,11,2,2.0,2
154,18,3,3.0,3
154,29,1,1.0,1
154,51,9,9.0,9
154,53,1,1.0,1
154,54,3,3.0,3
154,55,30,29.5,29
154,65,6,6.0,6
154,68,2,2.0,2
154,70,3,3.0,3
154,71,15,15.0,15
154,77,26,26.0,26
154,80,11,11.0,11
154,93,1,1.0,1
154,94,6,5.5,5
154,99,3,3.0,3
154,102,14,14.0,14
154,113,10,10.0,10
154,118,8,8.0,8
154,127,2,2.0,2
154,138,1,1.0,1
154,143,15,15.0,15
155,14,3,3.0,3
155,15,5,4.5,4
155,61,2,2.0,2
155,66,2,2.0,2
155,71,1,1.0,1
155,77,2,2.0,2
155,95,22,21.5,21
155,97,3,3.0,3
155,102,1,1.0,1
155,106,2,2.0,2
155,110,2,2.0,2
155,114,1,1.0,1
155,124,2,2.0,2
155,125,1,1.0,1
155,142,1,1.0,1
156,0,4,4.0,4
156,14,6,6.0,6
156,15,1,1.0,1
156,35,3,3.0,3
156,41,4,4.0,4
156,55,1,1.0,1
156,71,2,1.5,1
156,95,3,3.0,3
156,97,3,3.0,3
156,102,2,1.5,1
156,110,6,6.0,6
156,124,3,3.0,3
156,142,1,1.0,1
156,154,1,1.0,1
156,155,14,13.5,13
157,84,1,1.0,1
157,104,3,2.5,2
157,134,1,1.0,1
158,7,2,2.0,2
158,9,1,1.0,1
158,13,1,1.0,1
158,23,1,1.0,1
158,26,7,7.0,7
158,35,1,1.0,1
158,40,1,1.0,1
158,44,10,10.0,10
158,49,7,7.0,7
158,52,2,2.0,2
158,58,4,4.0,4
158,60,3,3.0,3
158,62,2,2.0,2
158,71,1,1.0,1
158,85,1,1.0,1
158,90,2,2.0,2
158,91,2,2.0,2
158,103,3,2.5,2
158,133,8,8.0,8
158,143,2,2.0,2
158,144,2,2.0,2
158,147,2,2.0,2
159,10,9,9.0,9
159,69,1,1.0,1
159,92,1,1.0,1
159,96,1,1.0,1
159,104,1,1.0,1
160,7,4,4.0,4
160,23,2,2.0,2
160,26,5,5.0,5
160,40,2,2.0,2
160,158,1,1.0,1
161,7,4,4.0,4
161,23,8,8.0,8
161,26,10,10.0,10
161,35,1,1.0,1
161,40,7,7.0,7
161,44,4,4.0,4
161,49,1,1.0,1
161,52,2,2.0,2
161,58,2,2.0,2
161,60,6,5.5,5
161,62,1,1.0,1
161,71,2,2.0,2
161,133,4,4.0,4
161,143,2,2.0,2
161,158,2,2.0,2
161,160,1,1.0,1
162,10,4,4.0,4
162,14,2,2.0,2
162,28,2,2.0,2
162,33,1,1.0,1
162,35,1,1.0,1
162,41,13,13.0,13
162,84,2,2.0,2
162,92,11,11.0,11
162,96,5,5.0,5
162,104,15,15.0,15
162,120,5,5.0,5
162,124,9,9.0,9
162,157,1,1.0,1
162,159,2,2.0,2
163,8,1,1.0,1
163,11,4,4.0,4
163,17,2,2.0,2
163,18,6,6.0,6
163,29,2,2.0,2
163,35,2,2.0,2
163,41,2,2.0,2
163,51,3,3.0,3
163,53,2,2.0,2
163,54,3,3.0,3
163,55,8,7.5,7
163,65,1,1.0,1
163,70,5,5.0,5
163,71,15,15.0,15
163,76,3,3.0,3
163,77,44,44.0,44
163,80,7,7.0,7
163,93,2,2.0,2
163,99,15,15.0,15
163,101,4,4.0,4
163,102,29,29.0,29
163,113,2,2.0,2
163,118,1,1.0,1
163,127,2,2.0,2
163,143,9,9.0,9
163,154,31,31.0,31
164,2,2,2.0,2
164,4,3,3.0,3
164,11,6,6.0,6
164,18,18,18.0,18
164,26,12,12.0,12
164,35,9,8.5,8
164,36,9,8.5,8
164,54,2,2.0,2
164,55,5,5.0,5
164,70,2,2.0,2
164,71,53,52.0,51
164,77,64,63.0,62
164,78,1,1.0,1
164,93,1,1.0,1
164,99,12,12.0,12
164,102,20,19.0,18
164,119,7,7.0,7
164,126,1,1.0,1
164,135,1,1.0,1
164,138,4,4.0,4
164,139,1,1.0,1
164,143,23,22.5,22
164,154,3,3.0,3
164,163,2,2.0,2
165,5,2,2.0,2
165,6,1,1.0,1
165,27,7,6.5,6
165,35,1,1.0,1
165,44,1,1.0,1
165,57,4,4.0,4
165,58,9,9.0,9
165,71,1,1.0,1
165,77,1,1.0,1
165,83,2,2.0,2
165,129,2,2.0,2
165,144,3,3.0,3
165,158,1,1.0,1
166,2,1,1.0,1
166,10,2,2.0,2
166,11,1,1.0,1
166,12,2,2.0,2
166,14,12,11.0,10
166,15,2,1.5,1
166,18,1,1.0,1
166,26,1,1.0,1
166,31,1,1.0,1
166,35,1,1.0,1
166,41,6,6.0,6
166,53,1,1.0,1
166,55,1,1.0,1
166,61,4,4.0,4
166,66,1,1.0,1
166,71,1,1.0,1
166,77,9,9.0,9
166,80,2,2.0,2
166,92,2,2.0,2
166,93,1,1.0,1
166,95,16,16.0,16
166,96,1,1.0,1
166,97,5,5.0,5
166,98,5,5.0,5
166,102,4,4.0,4
166,104,6,6.0,6
166,106,2,2.0,2
166,108,1,1.0,1
166,110,3,2.5,2
166,114,2,2.0,2
166,124,2,2.0,2
166,125,1,1.0,1
166,138,1,1.0,1
166,142,2,2.0,2
166,143,3,3.0,3
166,149,1,1.0,1
166,154,1,1.0,1
166,155,6,6.0,6
166,156,6,5.5,5
166,162,3,3.0,3
166,163,1,1.0,1
167,45,1,1.0,1
167,71,5,5.0,5
167,95,1,1.0,1
167,122,7,6.5,6
167,131,7,7.0,7
167,132,2,1.5,1
168,11,8,8.0,8
168,18,4,4.0,4
168,29,3,3.0,3
168,53,3,3.0,3
168,54,5,5.0,5
168,55,1,1.0,1
168,71,7,7.0,7
168,77,16,15.5,15
168,80,4,4.0,4
168,93,1,1.0,1
168,99,2,2.0,2
168,101,5,5.0,5
168,102,34,34.0,34
168,106,2,2.0,2
168,114,2,2.0,2
168,135,3,3.0,3
168,143,4,4.0,4
168,154,1,1.0,1
168,163,2,2.0,2
168,164,1,1.0,1
168,166,1,1.0,1
169,2,1,1.0,1
169,8,27,27.0,27
169,11,13,13.0,13
169,12,21,21.0,21
169,17,12,12.0,12
169,18,2,2.0,2
169,29,8,8.0,8
169,35,2,2.0,2
169,41,48,47.0,46
169,51,2,2.0,2
169,52,3,3.0,3
169,53,11,11.0,11
169,54,24,24.0,24
169,55,3,3.0,3
169,58,4,4.0,4
169,61,11,11.0,11
169,65,3,3.0,3
169,70,9,9.0,9
169,71,11,11.0,11
169,76,5,4.5,4
169,77,47,46.5,46
169,80,28,28.0,28
169,92,9,9.0,9
169,93,4,4.0,4
169,95,2,2.0,2
169,97,2,1.5,1
169,101,10,10.0,10
169,102,34,34.0,34
169,104,9,9.0,9
169,106,2,2.0,2
169,107,38,36.5,35
169,111,51,50.0,49
169,113,8,8.0,8
169,114,2,2.0,2
169,118,4,4.0,4
169,125,2,2.0,2
169,127,4,4.0,4
169,131,1,1.0,1
169,133,1,1.0,1
169,135,5,5.0,5
169,136,2,2.0,2
169,137,7,7.0,7
169,138,2,2.0,2
169,143,4,4.0,4
169,152,1,1.0,1
169,154,4,4.0,4
169,163,4,4.0,4
169,164,2,2.0,2
169,166,1,1.0,1
169,168,2,2.0,2
170,18,5,3.0,1
170,32,7,6.5,6
170,46,1,1.0,1
170,66,2,2.0,2
170,74,1,1.0,1
170,108,8,6.5,5
170,143,3,1.5,0
170,149,1,1.0,1
171,6,4,4.0,4
171,13,1,0.5,0
171,27,1,0.5,0
171,144,3,3.0,3
171,165,4,4.0,4
172,6,2,2.0,2
172,16,2,1.5,1
172,35,2,2.0,2
172,57,1,0.5,0
172,82,3,2.5,2
172,129,5,4.5,4
172,144,1,0.5,0
173,35,3,3.0,3
174,16,1,1.0,1
174,57,1,0.5,0
174,82,1,1.0,1
174,172,1,1.0,1
175,10,2,1.0,0
175,69,1,1.0,1
175,146,3,2.5,2
176,4,1,1.0,1
176,36,1,1.0,1
176,164,2,1.5,1
177,2,2,2.0,2
177,14,8,8.0,8
177,15,7,7.0,7
177,28,1,1.0,1
177,35,1,1.0,1
177,39,1,0.5,0
177,41,2,2.0,2
177,56,1,0.5,0
177,61,57,55.5,54
177,64,1,1.0,1
177,66,9,9.0,9
177,71,4,4.0,4
177,77,10,10.0,10
177,92,1,1.0,1
177,95,35,35.0,35
177,96,7,6.5,6
177,97,12,12.0,12
177,102,8,8.0,8
177,106,11,10.5,10
177,108,2,2.0,2
177,110,18,17.5,17
177,114,7,6.0,5
177,117,2,2.0,2
177,124,6,5.5,5
177,138,4,4.0,4
177,143,3,3.0,3
177,149,1,1.0,1
177,155,7,7.0,7
177,156,40,39.5,39
177,162,5,5.0,5
177,166,9,9.0,9
178,2,1,1.0,1
178,18,5,5.0,5
178,20,2,2.0,2
178,30,1,1.0,1
178,34,1,1.0,1
178,36,2,2.0,2
178,50,3,3.0,3
178,71,3,3.0,3
178,75,4,4.0,4
178,78,3,3.0,3
178,87,8,8.0,8
178,88,2,2.0,2
178,102,1,1.0,1
178,126,5,5.0,5
178,130,3,2.5,2
178,138,1,1.0,1
178,149,1,1.0,1
178,164,1,1.0,1
179,11,3,3.0,3
179,18,2,2.0,2
179,24,3,3.0,3
179,29,2,2.0,2
179,51,2,2.0,2
179,53,2,2.0,2
179,54,1,1.0,1
179,55,2,2.0,2
179,71,4,4.0,4
179,77,25,25.0,25
179,80,4,4.0,4
179,93,2,2.0,2
179,101,1,1.0,1
179,102,6,6.0,6
179,121,1,1.0,1
179,137,4,4.0,4
179,143,3,3.0,3
179,154,2,2.0,2
179,163,2,2.0,2
179,168,2,2.0,2
179,169,2,2.0,2
180,77,1,1.0,1
180,108,1,1.0,1
180,131,1,1.0,1
180,169,1,1.0,1
181,18,3,1.5,0
181,50,1,1.0,1
181,71,2,1.0,0
181,75,2,2.0,2
181,78,3,3.0,3
181,116,8,7.5,7
181,138,1,1.0,1
181,149,1,1.0,1
181,178,2,2.0,2
182,10,42,42.0,42
182,15,4,4.0,4
182,28,2,2.0,2
182,31,6,6.0,6
182,33,9,8.5,8
182,41,45,44.5,44
182,55,2,2.0,2
182,59,1,1.0,1
182,70,1,1.0,1
182,71,2,2.0,2
182,77,7,7.0,7
182,92,8,8.0,8
182,95,34,34.0,34
182,96,63,62.5,62
182,102,2,2.0,2
182,104,18,18.0,18
182,112,1,1.0,1
182,120,1,1.0,1
182,124,39,39.0,39
182,125,2,2.0,2
182,142,2,2.0,2
182,143,3,2.5,2
182,146,5,5.0,5
182,159,1,1.0,1
182,162,17,17.0,17
182,166,1,1.0,1
182,169,2,2.0,2
182,177,3,3.0,3
183,11,1,1.0,1
183,18,1,1.0,1
183,54,5,4.5,4
183,71,1,1.0,1
183,99,1,1.0,1
183,102,4,4.0,4
183,154,1,1.0,1
184,1,1,1.0,1
184,11,2,2.0,2
184,18,3,3.0,3
184,24,1,1.0,1
184,54,1,1.0,1
184,55,2,2.0,2
184,70,1,1.0,1
184,71,2,2.0,2
184,77,4,4.0,4
184,121,1,1.0,1
184,137,2,2.0,2
184,143,1,1.0,1
184,163,2,2.0,2
184,169,2,2.0,2
184,179,2,2.0,2
185,10,2,2.0,2
185,69,2,2.0,2
185,159,1,1.0,1
186,56,5,4.5,4
186,66,1,1.0,1
186,108,7,6.5,6
187,4,3,3.0,3
187,10,4,4.0,4
187,25,9,9.0,9
187,26,2,2.0,2
187,41,2,1.0,0
187,46,2,2.0,2
187,47,3,3.0,3
187,61,2,2.0,2
187,66,2,2.0,2
187,71,2,2.0,2
187,74,1,1.0,1
187,77,6,6.0,6
187,78,1,1.0,1
187,92,2,2.0,2
187,95,3,3.0,3
187,101,1,1.0,1
187,108,2,2.0,2
187,115,1,1.0,1
187,122,2,2.0,2
187,123,3,3.0,3
187,131,5,5.0,5
187,139,15,15.0,15
187,140,9,9.0,9
187,143,3,3.0,3
187,149,2,2.0,2
187,166,2,1.5,1
187,167,1,1.0,1
187,170,2,2.0,2
187,177,1,1.0,1
187,178,3,3.0,3
187,180,2,2.0,2
187,182,4,4.0,4
188,10,5,5.0,5
188,11,1,0.5,0
188,31,3,3.0,3
188,33,8,8.0,8
188,35,4,4.0,4
188,41,152,151.5,151
188,54,2,2.0,2
188,69,1,1.0,1
188,70,1,1.0,1
188,71,3,3.0,3
188,77,4,4.0,4
188,84,4,4.0,4
188,92,16,16.0,16
188,95,3,3.0,3
188,96,6,6.0,6
188,101,1,1.0,1
188,102,2,2.0,2
188,104,105,104.5,104
188,107,2,2.0,2
188,108,2,2.0,2
188,112,2,2.0,2
188,120,6,6.0,6
188,124,8,8.0,8
188,136,2,2.0,2
188,142,1,1.0,1
188,143,2,2.0,2
188,146,1,1.0,1
188,153,2,2.0,2
188,157,2,2.0,2
188,162,27,26.5,26
188,166,2,2.0,2
188,169,14,13.5,13
188,177,1,1.0,1
188,182,5,5.0,5
189,61,2,2.0,2
189,64,1,0.5,0
189,66,2,2.0,2
189,108,2,2.0,2
189,170,1,1.0,1
190,2,14,14.0,14
190,4,1,1.0,1
190,7,4,4.0,4
190,11,40,40.0,40
190,17,1,1.0,1
190,18,60,58.5,57
190,23,2,2.0,2
190,26,8,8.0,8
190,29,8,8.0,8
190,35,4,4.0,4
190,36,1,1.0,1
190,40,2,2.0,2
190,41,2,2.0,2
190,44,5,5.0,5
190,49,1,1.0,1
190,51,5,5.0,5
190,52,3,2.5,2
190,54,16,16.0,16
190,55,31,31.0,31
190,58,5,5.0,5
190,60,4,4.0,4
190,61,2,2.0,2
190,62,2,1.0,0
190,63,1,1.0,1
190,65,1,1.0,1
190,70,16,16.0,16
190,71,151,150.0,149
190,75,4,4.0,4
190,77,354,353.5,353
190,78,1,1.0,1
190,80,7,7.0,7
190,85,1,0.5,0
190,93,5,5.0,5
190,94,2,2.0,2
190,99,53,53.0,53
190,101,6,6.0,6
190,102,120,120.0,120
190,106,4,4.0,4
190,113,3,3.0,3
190,117,1,1.0,1
190,118,4,4.0,4
190,119,12,12.0,12
190,127,4,4.0,4
190,130,3,3.0,3
190,133,8,8.0,8
190,138,39,39.0,39
190,143,68,68.0,68
190,149,1,1.0,1
190,154,52,52.0,52
190,156,2,2.0,2
190,158,1,1.0,1
190,161,3,3.0,3
190,163,22,22.0,22
190,164,43,43.0,43
190,166,6,5.5,5
190,168,17,17.0,17
190,169,28,28.0,28
190,177,2,2.0,2
190,178,8,7.5,7
190,182,1,1.0,1
190,183,3,3.0,3
190,188,1,1.0,1
191,14,2,2.0,2
191,15,2,2.0,2
191,41,5,4.0,3
191,71,1,1.0,1
191,77,1,1.0,1
191,95,24,23.0,22
191,96,2,2.0,2
191,102,3,3.0,3
191,104,1,1.0,1
191,110,3,3.0,3
191,124,4,4.0,4
191,125,13,12.0,11
191,155,3,3.0,3
191,156,2,2.0,2
191,166,2,2.0,2
191,169,1,1.0,1
191,177,11,10.0,9
191,180,2,2.0,2
191,182,5,5.0,5
191,188,1,1.0,1
192,14,1,1.0,1
192,39,1,0.5,0
192,61,3,3.0,3
192,64,1,1.0,1
192,66,2,2.0,2
192,106,2,1.5,1
192,108,1,1.0,1
192,149,1,0.5,0
192,166,2,2.0,2
192,177,8,8.0,8
192,189,2,2.0,2
193,9,1,1.0,1
193,26,1,1.0,1
193,72,1,1.0,1
193,89,1,1.0,1
193,143,2,2.0,2
193,144,1,1.0,1
194,187,1,1.0,1
195,11,4,4.0,4
195,17,1,1.0,1
195,18,7,6.5,6
195,24,1,1.0,1
195,41,2,2.0,2
195,51,9,9.0,9
195,53,2,2.0,2
195,54,5,4.5,4
195,55,9,9.0,9
195,65,4,4.0,4
195,66,2,1.0,0
195,70,22,22.0,22
195,71,18,17.5,17
195,77,29,29.0,29
195,80,10,10.0,10
195,93,4,4.0,4
195,94,1,1.0,1
195,97,3,3.0,3
195,98,7,7.0,7
195,99,2,2.0,2
195,101,1,1.0,1
195,102,19,19.0,19
195,113,4,4.0,4
195,118,2,2.0,2
195,119,1,1.0,1
195,121,3,3.0,3
195,127,3,3.0,3
195,138,1,1.0,1
195,143,7,7.0,7
195,154,13,13.0,13
195,163,13,13.0,13
195,164,4,3.5,3
195,166,1,1.0,1
195,169,4,4.0,4
195,179,6,6.0,6
195,190,34,34.0,34
196,2,1,1.0,1
196,11,12,11.5,11
196,17,1,1.0,1
196,18,6,6.0,6
196,24,1,1.0,1
196,26,1,1.0,1
196,29,1,1.0,1
196,35,8,8.0,8
196,41,3,3.0,3
196,51,8,8.0,8
196,52,1,1.0,1
196,53,3,3.0,3
196,54,4,4.0,4
196,55,7,7.0,7
196,58,1,1.0,1
196,61,10,10.0,10
196,70,3,3.0,3
196,71,21,21.0,21
196,77,42,42.0,42
196,80,9,9.0,9
196,92,1,1.0,1
196,93,2,2.0,2
196,94,1,1.0,1
196,95,4,4.0,4
196,99,3,3.0,3
196,101,5,5.0,5
196,102,38,38.0,38
196,104,2,2.0,2
196,105,2,2.0,2
196,106,2,2.0,2
196,108,3,3.0,3
196,113,1,1.0,1
196,114,1,1.0,1
196,119,2,2.0,2
196,121,2,2.0,2
196,127,3,3.0,3
196,137,1,1.0,1
196,138,5,5.0,5
196,143,6,5.5,5
196,154,3,3.0,3
196,155,2,2.0,2
196,163,7,7.0,7
196,164,21,19.0,17
196,166,3,3.0,3
196,168,3,3.0,3
196,169,6,6.0,6
196,177,2,2.0,2
196,179,9,9.0,9
196,182,3,3.0,3
196,184,2,2.0,2
196,187,2,2.0,2
196,188,1,0.5,0
196,190,42,42.0,42
196,195,6,6.0,6
197,10,3,3.0,3
197,11,1,1.0,1
197,31,1,1.0,1
197,33,3,3.0,3
197,35,3,3.0,3
197,41,191,191.0,191
197,71,1,1.0,1
197,77,1,1.0,1
197,84,2,2.0,2
197,92,13,13.0,13
197,95,2,2.0,2
197,96,7,7.0,7
197,104,68,67.5,67
197,120,8,8.0,8
197,124,7,7.0,7
197,143,2,2.0,2
197,157,2,2.0,2
197,162,9,9.0,9
197,182,9,8.5,8
197,188,18,18.0,18
198,0,1,0.5,0
198,41,4,4.0,4
198,77,1,1.0,1
198,95,1,1.0,1
198,97,3,3.0,3
198,107,4,3.5,3
198,111,2,2.0,2
198,169,72,71.5,71
199,45,1,1.0,1
199,61,1,1.0,1
199,66,4,3.5,3
199,77,1,0.5,0
199,108,17,16.5,16
199,123,1,1.0,1
199,132,1,1.0,1
199,139,1,1.0,1
199,143,3,3.0,3
199,155,1,1.0,1
199,166,1,1.0,1
199,170,2,2.0,2
199,187,2,2.0,2
200,10,14,14.0,14
200,11,3,3.0,3
200,14,3,3.0,3
200,15,7,7.0,7
200,18,2,2.0,2
200,28,2,2.0,2
200,31,12,12.0,12
200,33,8,8.0,8
200,41,73,72.5,72
200,55,2,2.0,2
200,61,3,3.0,3
200,66,2,2.0,2
200,70,1,1.0,1
200,71,3,3.0,3
200,77,4,4.0,4
200,92,24,24.0,24
200,95,17,17.0,17
200,96,8,8.0,8
200,97,1,1.0,1
200,101,2,2.0,2
200,102,2,2.0,2
200,104,22,21.5,21
200,106,2,2.0,2
200,107,1,1.0,1
200,108,3,3.0,3
200,110,1,1.0,1
200,112,10,10.0,10
200,120,4,4.0,4
200,122,2,2.0,2
200,124,33,33.0,33
200,125,1,1.0,1
200,136,1,1.0,1
200,142,2,2.0,2
200,143,3,3.0,3
200,146,2,2.0,2
200,154,3,3.0,3
200,155,1,1.0,1
200,156,4,4.0,4
200,162,6,6.0,6
200,166,1,1.0,1
200,169,13,12.0,11
200,182,28,27.5,27
200,187,2,2.0,2
200,188,21,21.0,21
200,190,1,1.0,1
200,191,4,4.0,4
200,195,3,3.0,3
200,196,2,2.0,2
200,197,8,8.0,8
201,18,3,1.5,0
201,20,3,2.5,2
201,26,1,1.0,1
201,30,2,2.0,2
201,34,1,1.0,1
201,50,5,3.5,2
201,66,1,1.0,1
201,71,1,1.0,1
201,74,1,1.0,1
201,78,2,1.5,1
201,87,1,1.0,1
201,126,1,1.0,1
201,138,1,0.5,0
201,149,2,2.0,2
202,10,1,1.0,1
202,69,2,2.0,2
202,146,2,2.0,2
203,6,2,1.5,1
203,16,2,1.5,1
203,35,2,2.0,2
203,77,1,0.5,0
203,82,3,3.0,3
203,89,1,1.0,1
203,103,1,1.0,1
203,144,3,3.0,3
203,158,2,2.0,2
203,172,4,4.0,4
203,174,1,1.0,1
203,193,3,3.0,3
204,2,3,3.0,3
204,11,1,1.0,1
204,18,4,4.0,4
204,30,1,1.0,1
204,35,1,0.5,0
204,50,1,1.0,1
204,61,2,2.0,2
204,71,45,44.5,44
204,77,32,32.0,32
204,102,8,8.0,8
204,106,1,1.0,1
204,110,1,1.0,1
204,114,2,2.0,2
204,117,22,21.5,21
204,119,2,1.5,1
204,126,1,1.0,1
204,127,2,1.5,1
204,130,1,1.0,1
204,138,2,2.0,2
204,143,2,1.5,1
204,164,1,1.0,1
204,166,1,1.0,1
204,169,6,6.0,6
204,177,3,3.0,3
204,178,1,1.0,1
204,179,1,1.0,1
204,190,3,2.5,2
204,196,6,6.0,6
205,0,3,2.5,2
205,1,2,2.0,2
205,2,6,6.0,6
205,11,19,19.0,19
205,12,7,6.5,6
205,14,2,2.0,2
205,15,1,1.0,1
205,17,2,2.0,2
205,18,8,8.0,8
205,24,4,4.0,4
205,26,1,1.0,1
205,29,1,1.0,1
205,30,1,0.5,0
205,34,2,1.5,1
205,35,2,2.0,2
205,39,1,0.5,0
205,41,7,7.0,7
205,47,1,1.0,1
205,50,1,0.5,0
205,51,2,2.0,2
205,53,14,14.0,14
205,54,2,2.0,2
205,55,10,10.0,10
205,56,1,1.0,1
205,61,8,8.0,8
205,65,1,1.0,1
205,66,1,1.0,1
205,70,5,5.0,5
205,71,26,26.0,26
205,74,1,0.5,0
205,76,5,5.0,5
205,77,128,128.0,128
205,78,1,1.0,1
205,80,6,6.0,6
205,92,1,1.0,1
205,93,2,2.0,2
205,95,4,4.0,4
205,97,14,14.0,14
205,98,15,15.0,15
205,99,2,2.0,2
205,101,3,3.0,3
205,102,12,12.0,12
205,104,4,4.0,4
205,106,3,3.0,3
205,107,7,7.0,7
205,108,3,2.5,2
205,110,6,6.0,6
205,111,5,5.0,5
205,113,2,2.0,2
205,114,3,3.0,3
205,117,6,6.0,6
205,118,1,1.0,1
205,119,3,3.0,3
205,121,2,2.0,2
205,124,2,2.0,2
205,125,1,1.0,1
205,127,4,4.0,4
205,135,2,2.0,2
205,137,1,1.0,1
205,138,3,3.0,3
205,142,1,1.0,1
205,143,24,23.0,22
205,148,1,0.5,0
205,149,2,1.5,1
205,154,7,7.0,7
205,155,2,2.0,2
205,156,3,3.0,3
205,158,1,0.5,0
205,163,2,2.0,2
205,164,2,2.0,2
205,166,4,4.0,4
205,168,4,4.0,4
205,169,32,31.5,31
205,170,2,1.5,1
205,177,20,19.0,18
205,178,1,0.5,0
205,179,6,6.0,6
205,182,3,3.0,3
205,184,2,2.0,2
205,187,1,1.0,1
205,188,3,3.0,3
205,190,7,7.0,7
205,192,1,1.0,1
205,195,6,6.0,6
205,196,11,11.0,11
205,198,3,3.0,3
205,199,2,1.5,1
205,200,2,2.0,2
205,204,2,2.0,2
206,12,2,2.0,2
206,17,1,1.0,1
206,41,1,1.0,1
206,77,1,1.0,1
206,95,2,2.0,2
206,169,2,2.0,2
206,205,2,2.0,2
207,13,4,3.5,3
207,35,3,2.5,2
207,58,3,3.0,3
207,90,3,3.0,3
207,103,1,1.0,1
207,165,1,1.0,1
208,69,1,1.0,1
209,18,4,2.0,0
209,32,1,1.0,1
209,61,1,1.0,1
209,64,1,0.5,0
209,66,2,1.5,1
209,108,3,3.0,3
209,143,3,1.5,0
209,166,1,1.0,1
209,170,11,8.0,5
209,186,1,1.0,1
209,187,1,1.0,1
209,189,2,1.5,1
209,199,4,4.0,4
209,205,1,0.5,0
210,8,2,2.0,2
210,11,10,10.0,10
210,12,3,3.0,3
210,17,2,2.0,2
210,18,2,2.0,2
210,53,6,5.5,5
210,54,3,3.0,3
210,65,1,1.0,1
210,70,1,1.0,1
210,71,3,3.0,3
210,76,7,7.0,7
210,77,12,12.0,12
210,80,5,5.0,5
210,93,1,1.0,1
210,101,7,7.0,7
210,102,10,10.0,10
210,106,1,1.0,1
210,107,4,4.0,4
210,113,2,2.0,2
210,118,2,2.0,2
210,135,1,1.0,1
210,143,2,2.0,2
210,154,1,1.0,1
210,163,6,6.0,6
210,164,2,2.0,2
210,169,39,38.5,38
210,190,11,11.0,11
210,196,3,3.0,3
210,200,1,1.0,1
210,205,20,20.0,20
211,0,7,7.0,7
211,2,2,2.0,2
211,4,2,2.0,2
211,8,2,2.0,2
211,10,16,16.0,16
211,11,2,2.0,2
211,12,2,2.0,2
211,14,16,15.5,15
211,15,10,9.5,9
211,17,2,2.0,2
211,18,3,3.0,3
211,26,3,3.0,3
211,28,1,1.0,1
211,29,1,1.0,1
211,35,3,3.0,3
211,41,16,15.0,14
211,53,3,3.0,3
211,54,2,2.0,2
211,55,2,2.0,2
211,56,4,2.5,1
211,61,11,11.0,11
211,66,3,3.0,3
211,71,7,7.0,7
211,76,1,1.0,1
211,77,23,23.0,23
211,78,1,1.0,1
211,80,3,3.0,3
211,92,5,4.5,4
211,93,1,1.0,1
211,95,81,81.0,81
211,96,5,5.0,5
211,97,23,22.5,22
211,98,15,15.0,15
211,99,4,4.0,4
211,102,8,8.0,8
211,104,8,8.0,8
211,106,9,9.0,9
211,107,7,7.0,7
211,108,9,9.0,9
211,110,12,11.5,11
211,111,1,1.0,1
211,114,6,6.0,6
211,117,1,1.0,1
211,121,1,1.0,1
211,124,8,7.5,7
211,125,4,4.0,4
211,127,1,0.5,0
211,131,2,2.0,2
211,135,1,1.0,1
211,138,4,4.0,4
211,142,4,4.0,4
211,143,10,10.0,10
211,149,2,2.0,2
211,155,21,20.5,20
211,156,51,51.0,51
211,162,7,7.0,7
211,163,2,2.0,2
211,164,2,2.0,2
211,166,11,10.5,10
211,168,3,3.0,3
211,169,39,37.0,35
211,170,1,1.0,1
211,177,47,46.5,46
211,178,1,1.0,1
211,179,3,3.0,3
211,180,4,4.0,4
211,182,11,11.0,11
211,186,5,3.5,2
211,187,10,10.0,10
211,188,5,5.0,5
211,189,1,1.0,1
211,190,2,2.0,2
211,191,12,12.0,12
211,192,10,10.0,10
211,195,2,2.0,2
211,196,7,7.0,7
211,197,1,1.0,1
211,198,3,3.0,3
211,199,1,1.0,1
211,200,9,9.0,9
211,204,2,2.0,2
211,205,8,8.0,8
211,206,2,2.0,2
211,209,1,1.0,1
211,210,10,10.0,10
212,1,1,1.0,1
212,2,3,3.0,3
212,4,2,1.5,1
212,6,3,3.0,3
212,7,1,1.0,1
212,11,11,11.0,11
212,12,2,2.0,2
212,13,1,1.0,1
212,14,4,4.0,4
212,15,2,1.5,1
212,16,5,4.5,4
212,17,1,1.0,1
212,18,17,17.0,17
212,21,2,2.0,2
212,26,3,3.0,3
212,29,10,10.0,10
212,35,42,41.5,41
212,36,9,9.0,9
212,41,11,11.0,11
212,51,35,35.0,35
212,52,2,2.0,2
212,53,55,52.5,50
212,54,16,16.0,16
212,55,22,22.0,22
212,58,3,2.0,1
212,61,34,33.5,33
212,65,3,3.0,3
212,66,1,1.0,1
212,70,9,9.0,9
212,71,158,157.5,157
212,77,103,103.0,103
212,78,2,2.0,2
212,79,6,6.0,6
212,80,105,100.0,95
212,86,11,11.0,11
212,92,3,3.0,3
212,93,15,15.0,15
212,94,10,10.0,10
212,95,15,15.0,15
212,97,1,1.0,1
212,99,63,63.0,63
212,100,10,10.0,10
212,101,6,6.0,6
212,102,141,141.0,141
212,103,4,3.5,3
212,104,8,8.0,8
212,105,25,25.0,25
212,106,2,2.0,2
212,107,3,3.0,3
212,108,3,3.0,3
212,110,3,3.0,3
212,113,7,7.0,7
212,114,3,2.5,2
212,117,3,3.0,3
212,118,10,10.0,10
212,119,4,4.0,4
212,121,1,1.0,1
212,124,2,2.0,2
212,125,1,1.0,1
212,127,28,28.0,28
212,131,4,3.5,3
212,133,14,13.0,12
212,135,1,1.0,1
212,137,2,2.0,2
212,138,26,26.0,26
212,143,54,53.5,53
212,149,4,4.0,4
212,154,42,42.0,42
212,155,1,1.0,1
212,156,7,7.0,7
212,162,1,1.0,1
212,163,67,67.0,67
212,164,84,83.0,82
212,166,4,4.0,4
212,168,11,11.0,11
212,169,8,8.0,8
212,172,4,3.5,3
212,177,8,7.5,7
212,179,4,3.5,3
212,181,2,2.0,2
212,182,4,4.0,4
212,183,6,6.0,6
212,184,2,2.0,2
212,187,9,8.5,8
212,188,3,3.0,3
212,190,518,515.0,512
212,191,1,1.0,1
212,195,27,27.0,27
212,196,24,24.0,24
212,200,4,4.0,4
212,203,1,1.0,1
212,204,22,22.0,22
212,205,91,90.0,89
212,206,2,2.0,2
212,209,2,2.0,2
212,210,3,3.0,3
212,211,22,21.5,21
213,3,1,1.0,1
213,6,7,7.0,7
213,7,10,10.0,10
213,9,21,21.0,21
213,10,26,26.0,26
213,11,6,6.0,6
213,13,72,72.0,72
213,16,3,3.0,3
213,18,21,21.0,21
213,19,10,10.0,10
213,21,11,11.0,11
213,23,2,2.0,2
213,26,58,57.5,57
213,35,364,363.5,363
213,36,1,1.0,1
213,37,17,16.5,16
213,40,10,10.0,10
213,41,59,58.5,58
213,44,49,49.0,49
213,48,2,2.0,2
213,49,36,35.0,34
213,55,7,7.0,7
213,58,61,61.0,61
213,60,8,8.0,8
213,61,2,2.0,2
213,62,29,28.5,28
213,66,1,0.5,0
213,69,6,6.0,6
213,70,4,4.0,4
213,71,91,90.0,89
213,73,7,7.0,7
213,77,115,114.5,114
213,78,1,1.0,1
213,80,3,3.0,3
213,82,4,4.0,4
213,83,2,2.0,2
213,84,1,1.0,1
213,85,17,17.0,17
213,89,2,2.0,2
213,90,13,13.0,13
213,91,19,19.0,19
213,92,16,16.0,16
213,94,7,7.0,7
213,95,5,5.0,5
213,99,35,35.0,35
213,101,7,7.0,7
213,102,53,53.0,53
213,103,41,40.5,40
213,104,80,79.0,78
213,106,6,6.0,6
213,109,2,2.0,2
213,110,2,2.0,2
213,113,1,1.0,1
213,128,1,1.0,1
213,129,2,2.0,2
213,133,373,371.0,369
213,138,1,1.0,1
213,143,39,39.0,39
213,144,24,23.5,23
213,146,10,7.0,4
213,147,6,6.0,6
213,149,3,3.0,3
213,154,5,5.0,5
213,156,1,0.5,0
213,158,30,29.5,29
213,160,2,2.0,2
213,161,21,21.0,21
213,162,3,3.0,3
213,163,2,2.0,2
213,164,14,14.0,14
213,165,53,53.0,53
213,166,11,11.0,11
213,169,13,13.0,13
213,171,3,2.5,2
213,172,7,7.0,7
213,175,1,1.0,1
213,177,5,5.0,5
213,178,4,4.0,4
213,187,5,5.0,5
213,188,39,39.0,39
213,190,57,57.0,57
213,195,7,7.0,7
213,196,29,29.0,29
213,197,14,14.0,14
213,203,11,11.0,11
213,205,10,10.0,10
213,207,14,14.0,14
213,210,1,1.0,1
213,211,24,24.0,24
213,212,207,205.0,203
214,7,9,9.0,9
214,26,9,9.0,9
214,40,2,2.0,2
214,158,1,1.0,1
214,160,1,1.0,1
214,161,1,1.0,1
214,190,1,1.0,1
214,213,2,2.0,2
215,12,1,1.0,1
215,41,4,4.0,4
215,54,2,1.5,1
215,71,2,1.5,1
215,77,1,1.0,1
215,95,2,2.0,2
215,97,1,1.0,1
215,101,1,1.0,1
215,102,2,2.0,2
215,104,1,1.0,1
215,107,4,4.0,4
215,111,2,2.0,2
215,113,2,2.0,2
215,124,2,2.0,2
215,169,82,81.5,81
215,182,2,2.0,2
215,188,3,3.0,3
215,200,1,1.0,1
215,205,2,2.0,2
215,210,1,1.0,1
215,211,2,2.0,2
215,212,1,1.0,1
216,10,7,7.0,7
216,69,2,2.0,2
216,145,2,2.0,2
216,146,2,2.0,2
216,185,3,3.0,3
217,7,2,2.0,2
217,9,11,11.0,11
217,26,3,3.0,3
217,40,1,1.0,1
217,44,5,5.0,5
217,52,3,3.0,3
217,58,1,1.0,1
217,60,1,1.0,1
217,71,1,1.0,1
217,77,1,1.0,1
217,82,1,1.0,1
217,89,1,1.0,1
217,102,1,1.0,1
217,133,1,1.0,1
217,144,6,6.0,6
217,158,6,6.0,6
217,161,2,2.0,2
217,164,3,3.0,3
217,165,1,1.0,1
217,190,4,4.0,4
217,203,2,2.0,2
217,213,9,9.0,9
218,10,4,4.0,4
218,31,2,2.0,2
218,33,14,14.0,14
218,41,23,23.0,23
218,71,6,6.0,6
218,77,4,4.0,4
218,92,10,10.0,10
218,96,1,1.0,1
218,104,20,20.0,20
218,107,1,1.0,1
218,112,6,6.0,6
218,120,2,2.0,2
218,124,6,6.0,6
218,162,4,4.0,4
218,166,1,1.0,1
218,169,6,6.0,6
218,182,12,12.0,12
218,188,13,13.0,13
218,197,13,13.0,13
218,200,10,10.0,10
218,211,3,3.0,3
219,5,1,1.0,1
219,27,3,3.0,3
219,57,1,1.0,1
219,71,1,1.0,1
219,144,3,3.0,3
219,165,9,8.5,8
219,171,1,1.0,1
219,213,20,19.5,19
220,69,1,1.0,1
220,145,1,1.0,1
221,138,4,4.0,4
221,190,3,3.0,3
222,14,2,2.0,2
222,56,3,2.5,2
222,61,6,5.5,5
222,64,2,2.0,2
222,66,1,1.0,1
222,95,2,1.5,1
222,106,5,5.0,5
222,108,1,1.0,1
222,110,3,2.0,1
222,114,1,1.0,1
222,166,3,2.5,2
222,177,16,15.5,15
222,186,2,1.5,1
222,192,1,1.0,1
222,205,1,1.0,1
222,211,12,11.5,11
223,4,1,0.5,0
223,25,1,1.0,1
223,47,3,2.5,2
223,66,2,1.5,1
223,108,9,7.5,6
223,123,6,5.5,5
223,140,2,2.0,2
223,143,3,1.5,0
223,187,7,7.0,7
223,211,1,1.0,1
224,4,1,0.5,0
224,25,2,2.0,2
224,66,4,3.0,2
224,108,3,3.0,3
224,123,1,1.0,1
224,140,2,2.0,2
224,143,3,1.5,0
224,187,9,9.0,9
224,199,1,1.0,1
224,223,11,10.5,10
